VideoName,Class,StartTime,EndTime,Id,Tags
FSll16-224_OK/DVD-3/VTS_01_4,repr,000125,000132,1,
FSll16-224_OK/DVD-3/VTS_01_4,repr,000210,000218,2,
FSll16-224_OK/DVD-3/VTS_01_4,repr,000220,000234,3,
FSll16-224_OK/DVD-3/VTS_01_4,repr,000250,000258,4,
FSll16-224_OK/DVD-3/VTS_01_4,repr,000305,000413,5,
FSll16-224_OK/DVD-3/VTS_01_4,repr,000549,000554,6,
FSll16-224_OK/DVD-3/VTS_01_4,repr,000605,000611,7,
FSll16-224_OK/DVD-3/VTS_01_4,repr,000840,000850,8,
FSll16-224_OK/DVD-3/VTS_01_4,repr,000908,000927,9,
